[
  {
    "op": "core/mass-edit",
    "engineConfig": {
      "facets": [],
      "mode": "row-based"
    },
    "columnName": "Manufacturing place",
    "expression": "value",
    "edits": [
      {
        "from": [
          "DELHi",
          "DElhi",
          "Delhi",
          "delhi"
        ],
        "fromBlank": false,
        "fromError": false,
        "to": "DELHi"
      },
      {
        "from": [
          "MUMBAI",
          "MumBAi",
          "Mumbai"
        ],
        "fromBlank": false,
        "fromError": false,
        "to": "MUMBAI"
      },
      {
        "from": [
          "Hyderabad",
          "hyderabad",
          "HYderabad"
        ],
        "fromBlank": false,
        "fromError": false,
        "to": "Hyderabad"
      },
      {
        "from": [
          "BAnglore",
          "Banglore",
          "banglore"
        ],
        "fromBlank": false,
        "fromError": false,
        "to": "BAnglore"
      }
    ],
    "description": "Mass edit cells in column Manufacturing place"
  },
  {
    "op": "core/text-transform",
    "engineConfig": {
      "facets": [],
      "mode": "row-based"
    },
    "columnName": "Price",
    "expression": "value.toNumber()",
    "onError": "keep-original",
    "repeat": false,
    "repeatCount": 10,
    "description": "Text transform on cells in column Price using expression value.toNumber()"
  },
  {
    "op": "core/text-transform",
    "engineConfig": {
      "facets": [],
      "mode": "row-based"
    },
    "columnName": "Screen",
    "expression": "value.toLowercase()",
    "onError": "keep-original",
    "repeat": false,
    "repeatCount": 10,
    "description": "Text transform on cells in column Screen using expression value.toLowercase()"
  },
  {
    "op": "core/column-removal",
    "columnName": "OS",
    "description": "Remove column OS"
  },
  {
    "op": "core/column-rename",
    "oldColumnName": "Manufacturer",
    "newColumnName": "Company Manufacturer",
    "description": "Rename column Manufacturer to Company Manufacturer"
  },
  {
    "op": "core/column-move",
    "columnName": "Category",
    "index": 12,
    "description": "Move column Category to position 12"
  }
]